Daniel|Gutierrez|daniel7dng@hotmail.com|Gutierrez|123456D|351401236|ilia 231|1
SuperUsr|testUsr|testmail18@mailtest.com|SprUsr|admin|00880088|random dir|1
Angela|Henrie|Angela.Henrie@gmail.com|Marylou|Gisela|973.036.265.175|Botswana|0
Adore|Lucienne|Adore.Lucienne@gmail.com|Chloris|Jack@123|486.723.045.045|Austria|0
Hildegaard|Randene|Hildegaard.Randene@gmail.com|Ada|Queenie|220.491.357.386|Liberia|0
Beverley|Rurik|Beverley.Rurik@gmail.com|Lizzie|Donnieabc|977.608.298.107|Reunion|0
Nonnah|Maisey|Nonnah.Maisey@gmail.com|Shannah|Sara-Ann|33.384.281.779|Svalbard and Jan Mayen|0
Reeba|Boycey|Reeba.Boycey@gmail.com|Janis|Elbertina|112.917.515.367|Wallis and Futuna|0
Kirstin|Leonard|Kirstin.Leonard@gmail.com|Xylina|Eve|730.708.327.962|Turks and Caicos Islands|0
Gwyneth|Bevin|Gwyneth.Bevin@gmail.com|Anestassia|Yvonne|755.067.206.269|Bahamas|0
Melisent|Pierette|Melisent.Pierette@gmail.com|Nelle|Anallese|983.489.500.551|Indonesia|0
Elora|Keily|Elora.Keily@gmail.com|Amii|Glynnis|227.032.418.539|Virgin Islands, British|0
Ronna|Rona|Ronna.Rona@gmail.com|Jeanna|Roxane|959.952.944.384|Malaysia|0
Darlleen|Marsden|Darlleen.Marsden@gmail.com|Ellette|Petronia|280.327.854.004|Holy See (Vatican City State)|0
Goldie|Oriana|Goldie.Oriana@gmail.com|Kore|Celestyna|113.606.005.066|Zambia|0
Lindie|Hebner|Lindie.Hebner@gmail.com|Feliza|Collen|456.127.969.188|Cambodia|0
Joceline|Dreda|Joceline.Dreda@gmail.com|Meriel|Ardys|459.131.054.134|Macao|0
Leona|Zeeba|Leona.Zeeba@gmail.com|Cassondra|Etta|46.096.892.435|Niue|0
Clary|Creamer|Clary.Creamer@gmail.com|Minda|Krystle|69.978.218.264|Nicaragua|0
Tori|Frendel|Tori.Frendel@gmail.com|Ronna|Gerianna|679.743.853.772|Panama|0
Deane|Belldas|Deane.Belldas@gmail.com|Modestia|Nananne|515.692.607.841|Fiji|0
Leeanne|Mehalek|Leeanne.Mehalek@gmail.com|Cindelyn|Amalie|97.054.605.292|Jamaica|0
Vanessa|Atcliffe|Vanessa.Atcliffe@gmail.com|Lory|Audrie|7.217.565.328|Syrian Arab Republic|0
Cordi|Amasa|Cordi.Amasa@gmail.com|Lexine|MaraMe|969.239.042.025|Jersey|0
Danika|Maiah|Danika.Maiah@gmail.com|Eugine|Shaine|896.584.510.311|Jordan|0
Gianina|Sasnett|Gianina.Sasnett@gmail.com|Nicoli|Etta|329.266.477.736|"Lao People""S Democratic Republic"|0
Elka|Jerald|Elka.Jerald@gmail.com|Deane|Emelina|524.215.124.049|Philippines|0
Flory|Truc|Flory.Truc@gmail.com|Cissiee|Gabriellia|336.842.609.808|Namibia|0
Myriam|Fink|Myriam.Fink@gmail.com|Fidelia|Sarette|351.666.981.883|Saint Lucia|0
Therine|Henrie|Therine.Henrie@gmail.com|Belva|Nannie|448.763.423.233|Somalia|0
Hannis|Hepsibah|Hannis.Hepsibah@gmail.com|Devina|Emylee|210.967.392.621|Malawi|0
Norine|Marsden|Norine.Marsden@gmail.com|Millie|Ile123|535.669.673.933|Philippines|0
Iseabal|Carri|Iseabal.Carri@gmail.com|Gui|Audrie|412.711.464.431|Gabon|0
Christian|Ricki|Christian.Ricki@gmail.com|Daryl|Chandra|658.972.905.235|Brunei Darussalam|0
Carly|Phyllis|Carly.Phyllis@gmail.com|Willetta|Korrie|356.682.873.087|Ecuador|0
Norine|Leler|Norine.Leler@gmail.com|Doralynne|Dorothy|292.802.559.083|Ecuador|0
Daphne|Nelsen|Daphne.Nelsen@gmail.com|Elvira|Patricia|152.347.844.683|Aruba|0
Kamilah|Garlinda|Kamilah.Garlinda@gmail.com|Frances|Zsa Zsa|445.447.376.648|Iceland|0
Tobe|Grayce|Tobe.Grayce@gmail.com|Mary|Veda|61.865.919.538|New Zealand|0
Helena|Sacken|Helena.Sacken@gmail.com|Chickie|Alisha|206.929.041.522|Chile|0
Brooks|O'Rourke|Brooks.O'Rourke@gmail.com|Frances|Ginnie|340.631.967.108|Cyprus|0
Aubrie|Melleta|Aubrie.Melleta@gmail.com|Annaliese|Hannis|20.266.652.928|El Salvador|0
Karolina|Dermott|Karolina.Dermott@gmail.com|Quintina|Micheline|129.974.360.298|Djibouti|0
Mureil|Rosemary|Mureil.Rosemary@gmail.com|Joy|Jere|465.265.529.488|Martinique|0
Lexine|Xerxes|Lexine.Xerxes@gmail.com|Tani|Trixi|877.191.612.917|Slovakia|0
Sallie|Leary|Sallie.Leary@gmail.com|Heddie|Madeleine|61.508.511.897|Kazakhstan|0
Barbara|Whittaker|Barbara.Whittaker@gmail.com|Edee|Lacie|922.042.944.689|Belgium|0
Nickie|Pauly|Nickie.Pauly@gmail.com|Gisela|Ekaterina|86.431.961.818|Botswana|0
Dorothy|Noman|Dorothy.Noman@gmail.com|Melisent|Misha|14.595.943.285|Palau|0
Margalo|Wesle|Margalo.Wesle@gmail.com|Philis|Rivalee|677.159.227.784|Malta|0
Annice|Agle|Annice.Agle@gmail.com|Janis|Tamqrah|577.993.585.231|Barbados|0
Shauna|Wolfgram|Shauna.Wolfgram@gmail.com|Priscilla|Courtnay|512.245.066.754|"Korea, Democratic People""S Republic of"|0
Mireielle|Alexandr|Mireielle.Alexandr@gmail.com|Gratia|Allyce|847.527.782.165|Maldives|0
Heddie|Kussell|Heddie.Kussell@gmail.com|Gloria|Wynne|438.899.219.136|Greece|0
Penelopa|Hourigan|Penelopa.Hourigan@gmail.com|Carly|Sonni|287.629.858.251|French Guiana|0
Livvyy|Macey|Livvyy.Macey@gmail.com|Merle|Mariele|17.377.699.826|Tunisia|0
Juliane|Jerald|Juliane.Jerald@gmail.com|Ginnie|Roberta|570.159.643.492|Venezuela|0
Fawne|Korey|Fawne.Korey@gmail.com|Dacia|Dawn|195.103.039.293|Liberia|0
Hildegaard|Mendez|Hildegaard.Mendez@gmail.com|Joleen|Ariela|755.822.292.954|Iraq|0
Tybie|Stanwood|Tybie.Stanwood@gmail.com|Misha|Glenda|5.220.702.003|Bahamas|0
Giustina|Adamsen|Giustina.Adamsen@gmail.com|Mignon|Tressa|507.737.442.815|Denmark|0
Joane|Faro|Joane.Faro@gmail.com|Josephine|Edith|48.212.155.593|AndorrA|0
Vevay|Lattie|Vevay.Lattie@gmail.com|Marcy|Gabriellia|56.755.637.553|Qatar|0
Tarra|Grayce|Tarra.Grayce@gmail.com|Carilyn|Raf|350.333.249.096|Cameroon|0
Collen|Redmond|Collen.Redmond@gmail.com|Catharine|Kore|744.951.322.509|Guam|0
Mallory|Colleen|Mallory.Colleen@gmail.com|Reeba|Roz|212.749.701.908|Slovakia|0
Ginnie|Middleton|Ginnie.Middleton@gmail.com|Brietta|Charmaine|994.772.617.299|Central African Republic|0
Merci|Ehrman|Merci.Ehrman@gmail.com|Jackie|Ekaterina|346.828.697.859|Israel|0
Zaria|Alejoa|Zaria.Alejoa@gmail.com|Annabela|Ariela|23.148.450.411|Palestinian Territory, Occupied|0
Orelia|Fitzsimmons|Orelia.Fitzsimmons@gmail.com|Elmira|Lilith|129.889.669.512|Viet Nam|0
Gilda|Han|Gilda.Han@gmail.com|Nickie|Evaleen|494.445.384.472|Cyprus|0
Aubrie|Kermit|Aubrie.Kermit@gmail.com|Vita|Carmencita|264.398.119.463|Niger|0
Elsie|Connelly|Elsie.Connelly@gmail.com|Mamie|Suzette|527.173.923.316|Myanmar|0
Carilyn|Helve|Carilyn.Helve@gmail.com|Cacilie|Roz|272.984.663.542|Czech Republic|0
Elfreda|Xerxes|Elfreda.Xerxes@gmail.com|Pierette|Valli|574.699.554.299|Antigua and Barbuda|0
Petronia|Lorain|Petronia.Lorain@gmail.com|Melisent|Abbie|325.860.200.637|Antigua and Barbuda|0
Tani|Ader|Tani.Ader@gmail.com|Theodora|Nannie|18.436.993.358|Kuwait|0
Corene|Toffic|Corene.Toffic@gmail.com|Vita|Nyssa|523.995.915.861|Congo|0
Ilse|Schonfeld|Ilse.Schonfeld@gmail.com|Henriette|Gloria|150.090.424.973|Nauru|0
Tera|Vittoria|Tera.Vittoria@gmail.com|Sadie|Gwenneth|332.534.253.472|Guatemala|0
Estell|Smitt|Estell.Smitt@gmail.com|Anica|Teriann|31.393.424.363|Saint Lucia|0
Tarra|Newell|Tarra.Newell@gmail.com|Fayre|Corina|958.823.583.507|Tokelau|0
Joeann|Velick|Joeann.Velick@gmail.com|Nanete|Sonni|748.631.061.734|Bermuda|0
Natka|Raul|Natka.Raul@gmail.com|Carilyn|Averyl|155.426.228.221|RWANDA|0
Berget|Cookie|Berget.Cookie@gmail.com|Madeleine|Michaelina|657.298.247.462|Bulgaria|0
Carilyn|Letsou|Carilyn.Letsou@gmail.com|Lilith|Courtnay|682.891.567.463|Panama|0
Dorothy|Pond|Dorothy.Pond@gmail.com|Elfreda|Camile|658.721.742.278|Bulgaria|0
Tressa|Virgin|Tressa.Virgin@gmail.com|Lily|Valera|578.400.683.377|Italy|0
Lulita|Ajay|Lulita.Ajay@gmail.com|Dyann|Cyb|730.263.877.052|Kazakhstan|0
Marguerite|Camden|Marguerite.Camden@gmail.com|Charissa|Constance|903.130.120.093|Libyan Arab Jamahiriya|0
Marguerite|Erb|Marguerite.Erb@gmail.com|Valeda|Cherrita|136.240.305.144|Tokelau|0
Chrystel|Montgomery|Chrystel.Montgomery@gmail.com|Regina|Susan|338.676.696.284|Mongolia|0
Nannie|Concha|Nannie.Concha@gmail.com|Jennica|Mara|655.102.297.507|Chile|0
Dacia|Janene|Dacia.Janene@gmail.com|Petronia|Annice|253.066.803.889|Qatar|0
Gerianna|Esmaria|Gerianna.Esmaria@gmail.com|Feliza|Max|761.958.097.628|Angola|0
Candy|Schwejda|Candy.Schwejda@gmail.com|Andeee|Vita|417.323.616.407|Eritrea|0
Ardeen|Noam|Ardeen.Noam@gmail.com|Celene|Eolanda|948.000.568.023|Northern Mariana Islands|0
Allis|Bethany|Allis.Bethany@gmail.com|Gusella|Edee|118.986.825.488|Iceland|0
Berget|Emmy|Berget.Emmy@gmail.com|Moyna|Blondelle|800.979.250.489|Uzbekistan|0
Fredericka|Old|Fredericka.Old@gmail.com|Dania|Maud|720.386.006.889|Sudan|0
Suzette|Hashim|Suzette.Hashim@gmail.com|Ekaterina|Althea|367.226.447.642|Latvia|0
Chastity|Chesna|Chastity.Chesna@gmail.com|Lily|Isa|951.574.769.258|Pakistan|0
